{"2": {"silhouette_score": 0.4653705024493721}, "3": {"silhouette_score": 0.48854051475775756}, "4": {"silhouette_score": 0.5065985416901237}, "5": {"silhouette_score": 0.4497914115339878}, "6": {"silhouette_score": 0.4615478858524191}}